{
  "generated_at": "2026-07-08T10:15:36.327765+00:00",
  "train_model_version": "1.0.0",
  "random_seed": 42,
  "num_train_rows": 40000,
  "num_test_rows": 10000,
  "num_features": 28,
  "candidates_trained": [
    "random_forest",
    "gradient_boosting",
    "extra_trees"
  ],
  "candidates_skipped": [
    "xgboost"
  ],
  "winning_model": "gradient_boosting",
  "selection_metric": "f1_macro (tie-broken by accuracy)",
  "metrics_by_model": {
    "random_forest": {
      "accuracy": 0.8795,
      "precision_macro": 0.8555735558459928,
      "recall_macro": 0.8574346175051241,
      "f1_macro": 0.8564648789870289,
      "f1_weighted": 0.8795803836875843
    },
    "gradient_boosting": {
      "accuracy": 0.8864,
      "precision_macro": 0.8633234127402436,
      "recall_macro": 0.8646611428041817,
      "f1_macro": 0.8639541226803233,
      "f1_weighted": 0.8863924212564976
    },
    "extra_trees": {
      "accuracy": 0.8822,
      "precision_macro": 0.8585869841784218,
      "recall_macro": 0.8607620817631197,
      "f1_macro": 0.8596174165586453,
      "f1_weighted": 0.8822825734648675
    }
  }
}